<?xml version="1.0" encoding="utf-8"?>
<feed xmlns="http://www.w3.org/2005/Atom">
	<title>edtorr</title>
	<subtitle>I am writing about my experiences as a naval navel-gazer.</subtitle>
	
	<link href="https://example.com/feed/feed.xml" rel="self"/>
	<link href="https://example.com/"/>
	<updated>2021-03-17T00:00:00Z</updated>
	<id>https://example.com/</id>
	<author>
		<name>Edwin Torres</name>
		<email>youremailaddress@example.com</email>
	</author>
	
	<entry>
		<title>Publicación en Español</title>
		<link href="https://example.com/es/blog/publicacion-en-espanol/"/>
		<updated>2021-03-17T00:00:00Z</updated>
		<id>https://example.com/es/blog/publicacion-en-espanol/</id>
		<content type="html">&lt;p&gt;Leverage agile frameworks to provide a robust synopsis for high level overviews. Iterative approaches to corporate strategy foster collaborative thinking to further the overall value proposition. Organically grow the holistic world view of disruptive innovation via workplace diversity and empowerment.&lt;/p&gt;
&lt;p&gt;Bring to the table win-win survival strategies to ensure proactive domination. At the end of the day, going forward, a new normal that has evolved from generation X is on the runway heading towards a streamlined cloud solution. User generated content in real-time will have multiple touchpoints for offshoring.&lt;/p&gt;
&lt;h2 id=&quot;section-header&quot;&gt;Section Header&lt;/h2&gt;
&lt;p&gt;Capitalize on low hanging fruit to identify a ballpark value added activity to beta test. Override the digital divide with additional clickthroughs from DevOps. Nanotechnology immersion along the information highway will close the loop on focusing solely on the bottom line.&lt;/p&gt;
&lt;pre class=&quot;language-text&quot;&gt;&lt;code class=&quot;language-text&quot;&gt;&lt;span class=&quot;highlight-line&quot;&gt;// this is a command&lt;/span&gt;&lt;br /&gt;&lt;span class=&quot;highlight-line&quot;&gt;function myCommand() {&lt;/span&gt;&lt;br /&gt;&lt;mark class=&quot;highlight-line highlight-line-active&quot;&gt;	let counter = 0;&lt;/mark&gt;&lt;br /&gt;&lt;mark class=&quot;highlight-line highlight-line-active&quot;&gt;	counter++;&lt;/mark&gt;&lt;br /&gt;&lt;span class=&quot;highlight-line&quot;&gt;}&lt;/span&gt;&lt;br /&gt;&lt;span class=&quot;highlight-line&quot;&gt;&lt;/span&gt;&lt;br /&gt;&lt;span class=&quot;highlight-line&quot;&gt;// Test with a line break above this line.&lt;/span&gt;&lt;br /&gt;&lt;span class=&quot;highlight-line&quot;&gt;console.log(&#39;Test&#39;);&lt;/span&gt;&lt;/code&gt;&lt;/pre&gt;
</content>
	</entry>
	
	<entry>
		<title>English post</title>
		<link href="https://example.com/en/blog/english-post/"/>
		<updated>2021-03-17T00:00:00Z</updated>
		<id>https://example.com/en/blog/english-post/</id>
		<content type="html">&lt;p&gt;Leverage agile frameworks to provide a robust synopsis for high level overviews. Iterative approaches to corporate strategy foster collaborative thinking to further the overall value proposition. Organically grow the holistic world view of disruptive innovation via workplace diversity and empowerment.&lt;/p&gt;
&lt;p&gt;Bring to the table win-win survival strategies to ensure proactive domination. At the end of the day, going forward, a new normal that has evolved from generation X is on the runway heading towards a streamlined cloud solution. User generated content in real-time will have multiple touchpoints for offshoring.&lt;/p&gt;
&lt;h2 id=&quot;section-header&quot;&gt;Section Header&lt;/h2&gt;
&lt;p&gt;Capitalize on low hanging fruit to identify a ballpark value added activity to beta test. Override the digital divide with additional clickthroughs from DevOps. Nanotechnology immersion along the information highway will close the loop on focusing solely on the bottom line.&lt;/p&gt;
&lt;pre class=&quot;language-text&quot;&gt;&lt;code class=&quot;language-text&quot;&gt;&lt;span class=&quot;highlight-line&quot;&gt;// this is a command&lt;/span&gt;&lt;br /&gt;&lt;span class=&quot;highlight-line&quot;&gt;function myCommand() {&lt;/span&gt;&lt;br /&gt;&lt;mark class=&quot;highlight-line highlight-line-active&quot;&gt;	let counter = 0;&lt;/mark&gt;&lt;br /&gt;&lt;mark class=&quot;highlight-line highlight-line-active&quot;&gt;	counter++;&lt;/mark&gt;&lt;br /&gt;&lt;span class=&quot;highlight-line&quot;&gt;}&lt;/span&gt;&lt;br /&gt;&lt;span class=&quot;highlight-line&quot;&gt;&lt;/span&gt;&lt;br /&gt;&lt;span class=&quot;highlight-line&quot;&gt;// Test with a line break above this line.&lt;/span&gt;&lt;br /&gt;&lt;span class=&quot;highlight-line&quot;&gt;console.log(&#39;Test&#39;);&lt;/span&gt;&lt;/code&gt;&lt;/pre&gt;
</content>
	</entry>
	
	<entry>
		<title>This is my fourth post.</title>
		<link href="https://example.com/en/blog/this-is-my-fourth-post./"/>
		<updated>2018-09-30T00:00:00Z</updated>
		<id>https://example.com/en/blog/this-is-my-fourth-post./</id>
		<content type="html">&lt;p&gt;Leverage agile frameworks to provide a robust synopsis for high level overviews. Iterative approaches to corporate strategy foster collaborative thinking to further the overall value proposition. Organically grow the holistic world view of disruptive innovation via workplace diversity and empowerment.&lt;/p&gt;
&lt;p&gt;Bring to the table win-win survival strategies to ensure proactive domination. At the end of the day, going forward, a new normal that has evolved from generation X is on the runway heading towards a streamlined cloud solution. User generated content in real-time will have multiple touchpoints for offshoring.&lt;/p&gt;
&lt;h2 id=&quot;section-header&quot;&gt;Section Header&lt;/h2&gt;
&lt;p&gt;Capitalize on low hanging fruit to identify a ballpark value added activity to beta test. Override the digital divide with additional clickthroughs from DevOps. Nanotechnology immersion along the information highway will close the loop on focusing solely on the bottom line.&lt;/p&gt;
</content>
	</entry>
	
	<entry>
		<title>This is my third post.</title>
		<link href="https://example.com/en/blog/this-is-my-third-post./"/>
		<updated>2018-08-24T00:00:00Z</updated>
		<id>https://example.com/en/blog/this-is-my-third-post./</id>
		<content type="html">&lt;p&gt;Leverage agile frameworks to provide a robust synopsis for high level overviews. Iterative approaches to corporate strategy foster collaborative thinking to further the overall value proposition. Organically grow the holistic world view of disruptive innovation via workplace diversity and empowerment.&lt;/p&gt;
&lt;pre class=&quot;language-js&quot;&gt;&lt;code class=&quot;language-js&quot;&gt;&lt;span class=&quot;highlight-line&quot;&gt;&lt;span class=&quot;token comment&quot;&gt;// this is a command&lt;/span&gt;&lt;/span&gt;&lt;br /&gt;&lt;span class=&quot;highlight-line&quot;&gt;&lt;span class=&quot;token keyword&quot;&gt;function&lt;/span&gt; &lt;span class=&quot;token function&quot;&gt;myCommand&lt;/span&gt;&lt;span class=&quot;token punctuation&quot;&gt;(&lt;/span&gt;&lt;span class=&quot;token punctuation&quot;&gt;)&lt;/span&gt; &lt;span class=&quot;token punctuation&quot;&gt;{&lt;/span&gt;&lt;/span&gt;&lt;br /&gt;&lt;ins class=&quot;highlight-line highlight-line-add&quot;&gt;	&lt;span class=&quot;token keyword&quot;&gt;let&lt;/span&gt; counter &lt;span class=&quot;token operator&quot;&gt;=&lt;/span&gt; &lt;span class=&quot;token number&quot;&gt;0&lt;/span&gt;&lt;span class=&quot;token punctuation&quot;&gt;;&lt;/span&gt;&lt;/ins&gt;&lt;br /&gt;&lt;span class=&quot;highlight-line&quot;&gt;&lt;/span&gt;&lt;br /&gt;&lt;del class=&quot;highlight-line highlight-line-remove&quot;&gt;	counter&lt;span class=&quot;token operator&quot;&gt;++&lt;/span&gt;&lt;span class=&quot;token punctuation&quot;&gt;;&lt;/span&gt;&lt;/del&gt;&lt;br /&gt;&lt;span class=&quot;highlight-line&quot;&gt;&lt;/span&gt;&lt;br /&gt;&lt;span class=&quot;highlight-line&quot;&gt;&lt;span class=&quot;token punctuation&quot;&gt;}&lt;/span&gt;&lt;/span&gt;&lt;br /&gt;&lt;span class=&quot;highlight-line&quot;&gt;&lt;/span&gt;&lt;br /&gt;&lt;span class=&quot;highlight-line&quot;&gt;&lt;span class=&quot;token comment&quot;&gt;// Test with a line break above this line.&lt;/span&gt;&lt;/span&gt;&lt;br /&gt;&lt;span class=&quot;highlight-line&quot;&gt;console&lt;span class=&quot;token punctuation&quot;&gt;.&lt;/span&gt;&lt;span class=&quot;token function&quot;&gt;log&lt;/span&gt;&lt;span class=&quot;token punctuation&quot;&gt;(&lt;/span&gt;&lt;span class=&quot;token string&quot;&gt;&#39;Test&#39;&lt;/span&gt;&lt;span class=&quot;token punctuation&quot;&gt;)&lt;/span&gt;&lt;span class=&quot;token punctuation&quot;&gt;;&lt;/span&gt;&lt;/span&gt;&lt;/code&gt;&lt;/pre&gt;
&lt;p&gt;Bring to the table win-win survival strategies to ensure proactive domination. At the end of the day, going forward, a new normal that has evolved from generation X is on the runway heading towards a streamlined cloud solution. User generated content in real-time will have multiple touchpoints for offshoring.&lt;/p&gt;
&lt;h2 id=&quot;section-header&quot;&gt;Section Header&lt;/h2&gt;
&lt;p&gt;Capitalize on low hanging fruit to identify a ballpark value added activity to beta test. Override the digital divide with additional clickthroughs from DevOps. Nanotechnology immersion along the information highway will close the loop on focusing solely on the bottom line.&lt;/p&gt;
</content>
	</entry>
	
	<entry>
		<title>This is my second post.</title>
		<link href="https://example.com/en/blog/this-is-my-second-post./"/>
		<updated>2018-07-04T00:00:00Z</updated>
		<id>https://example.com/en/blog/this-is-my-second-post./</id>
		<content type="html">&lt;p&gt;Leverage agile frameworks to provide a robust synopsis for high level overviews. Iterative approaches to corporate strategy foster collaborative thinking to further the overall value proposition. Organically grow the holistic world view of disruptive innovation via workplace diversity and empowerment.&lt;/p&gt;
&lt;h2 id=&quot;section-header&quot;&gt;Section Header&lt;/h2&gt;
&lt;p&gt;&lt;a href=&quot;https://example.com/posts/firstpost/&quot;&gt;First post&lt;/a&gt;&lt;br /&gt;
&lt;a href=&quot;https://example.com/posts/thirdpost/&quot;&gt;Third post&lt;/a&gt;&lt;/p&gt;
&lt;p&gt;Bring to the table win-win survival strategies to ensure proactive domination. At the end of the day, going forward, a new normal that has evolved from generation X is on the runway heading towards a streamlined cloud solution. User generated content in real-time will have multiple touchpoints for offshoring.&lt;/p&gt;
&lt;p&gt;Capitalize on low hanging fruit to identify a ballpark value added activity to beta test. Override the digital divide with additional clickthroughs from DevOps. Nanotechnology immersion along the information highway will close the loop on focusing solely on the bottom line.&lt;/p&gt;
</content>
	</entry>
	
	<entry>
		<title>This is my first post.</title>
		<link href="https://example.com/en/blog/this-is-my-first-post./"/>
		<updated>2018-05-01T00:00:00Z</updated>
		<id>https://example.com/en/blog/this-is-my-first-post./</id>
		<content type="html">&lt;p&gt;Leverage agile frameworks to provide a robust synopsis for high level overviews. Iterative approaches to corporate strategy foster collaborative thinking to further the overall value proposition. Organically grow the holistic world view of disruptive innovation via workplace diversity and empowerment.&lt;/p&gt;
&lt;p&gt;Bring to the table win-win survival strategies to ensure proactive domination. At the end of the day, going forward, a new normal that has evolved from generation X is on the runway heading towards a streamlined cloud solution. User generated content in real-time will have multiple touchpoints for offshoring.&lt;/p&gt;
&lt;h2 id=&quot;section-header&quot;&gt;Section Header&lt;/h2&gt;
&lt;p&gt;Capitalize on low hanging fruit to identify a ballpark value added activity to beta test. Override the digital divide with additional clickthroughs from DevOps. Nanotechnology immersion along the information highway will close the loop on focusing solely on the bottom line.&lt;/p&gt;
&lt;pre class=&quot;language-text&quot;&gt;&lt;code class=&quot;language-text&quot;&gt;&lt;span class=&quot;highlight-line&quot;&gt;// this is a command&lt;/span&gt;&lt;br /&gt;&lt;span class=&quot;highlight-line&quot;&gt;function myCommand() {&lt;/span&gt;&lt;br /&gt;&lt;mark class=&quot;highlight-line highlight-line-active&quot;&gt;	let counter = 0;&lt;/mark&gt;&lt;br /&gt;&lt;mark class=&quot;highlight-line highlight-line-active&quot;&gt;	counter++;&lt;/mark&gt;&lt;br /&gt;&lt;span class=&quot;highlight-line&quot;&gt;}&lt;/span&gt;&lt;br /&gt;&lt;span class=&quot;highlight-line&quot;&gt;&lt;/span&gt;&lt;br /&gt;&lt;span class=&quot;highlight-line&quot;&gt;// Test with a line break above this line.&lt;/span&gt;&lt;br /&gt;&lt;span class=&quot;highlight-line&quot;&gt;console.log(&#39;Test&#39;);&lt;/span&gt;&lt;/code&gt;&lt;/pre&gt;
</content>
	</entry>
</feed>
